minimum,max_offset,lo,hi
0,0,0,7
0,1,0,7
0,4095,0,7
0,4096,0,7
0,524288,0,7
0,1048574,0,7
0,1048575,0,7
0,1048576,none,none
0,1048577,none,none
0,4000000,none,none
1,0,0,7
1,1,0,7
1,4095,0,7
1,4096,0,7
1,524288,0,7
1,1048574,0,7
1,1048575,8,7
1,1048576,none,none
1,1048577,none,none
1,4000000,none,none
4095,0,0,7
4095,1,0,7
4095,4095,0,7
4095,4096,0,7
4095,524288,0,7
4095,1048574,8,7
4095,1048575,8,7
4095,1048576,none,none
4095,1048577,none,none
4095,4000000,none,none
4096,0,0,15
4096,1,0,15
4096,4095,0,15
4096,4096,0,15
4096,524288,0,15
4096,1048574,8,15
4096,1048575,8,15
4096,1048576,none,none
4096,1048577,none,none
4096,4000000,none,none
4097,0,0,15
4097,1,0,15
4097,4095,0,15
4097,4096,0,15
4097,524288,0,15
4097,1048574,8,15
4097,1048575,16,15
4097,1048576,none,none
4097,1048577,none,none
4097,4000000,none,none
8191,0,0,15
8191,1,0,15
8191,4095,0,15
8191,4096,0,15
8191,524288,0,15
8191,1048574,16,15
8191,1048575,16,15
8191,1048576,none,none
8191,1048577,none,none
8191,4000000,none,none
8192,0,0,23
8192,1,0,23
8192,4095,0,23
8192,4096,0,23
8192,524288,0,23
8192,1048574,16,23
8192,1048575,16,23
8192,1048576,none,none
8192,1048577,none,none
8192,4000000,none,none
1048575,0,0,2047
1048575,1,8,2047
1048575,4095,8,2047
1048575,4096,8,2047
1048575,524288,1024,2047
1048575,1048574,2048,2047
1048575,1048575,2048,2047
1048575,1048576,none,none
1048575,1048577,none,none
1048575,4000000,none,none
1048576,0,8,2055
1048576,1,8,2055
1048576,4095,8,2055
1048576,4096,16,2055
1048576,524288,1032,2055
1048576,1048574,2048,2055
1048576,1048575,2048,2055
1048576,1048576,none,none
1048576,1048577,none,none
1048576,4000000,none,none
1048577,0,8,2055
1048577,1,8,2055
1048577,4095,16,2055
1048577,4096,16,2055
1048577,524288,1032,2055
1048577,1048574,2048,2055
1048577,1048575,2056,2055
1048577,1048576,none,none
1048577,1048577,none,none
1048577,4000000,none,none
2097152,0,2056,4103
2097152,1,2056,4103
2097152,4095,2056,4103
2097152,4096,2064,4103
2097152,524288,3080,4103
2097152,1048574,4096,4103
2097152,1048575,4096,4103
2097152,1048576,none,none
2097152,1048577,none,none
2097152,4000000,none,none
1087408550006,30218,2123842840,2123844831
1341984221932,152869,2621061192,2621062935
373635547370,711425,729756272,729756935
1561037355797,409172,3048899840,3048901087
930681417886,72527,1817735240,1817737151
808395658936,294749,1578896304,1578897775
1909524343321,49287,3729537784,3729539735
1961202053658,344454,3830471392,3830472767
1172618603492,81263,2290268824,2290270711
1914341521453,260048,3738946744,3738948287
727091730421,336642,1420099648,1420101039
1494630617069,33016,2919198448,2919200423
973152673033,77945,1900686920,1900688815
210912693854,7428,411936824,411938855
154999421868,221463,302731632,302733247
562585943053,44863,1098798712,1098800671
766881712620,285867,1497814360,1497815847
762175883814,98828,1488622920,1488624775
1721460400166,680368,3362226632,3362227351
1804348540079,511559,3524117200,3524118247
1640066592712,89343,3203253192,3203255063
1641125489523,85327,3205321344,3205323223
1302090441729,41906,2543143432,2543145399
1287989226077,74029,2515602056,2515603959
2020256427548,71096,3945811432,3945813335
982054486415,5135,1918073136,1918075175
150421413168,170906,293790112,293791823
1199357629409,213268,2342493744,2342495375
1875585970293,422654,3663252632,3663253855
1136522314934,5059,2219768112,2219770151
1404640046860,183802,2743435904,2743437591
2018240399132,329746,3941874376,3941875783
1769755636799,808346,3456553512,3456553983
131069122123,15812,255992368,255994383
602160883412,312173,1176094040,1176095479
1583559548237,36207,3092887768,3092889743
1019339258731,5416,1990894960,1990896991
1416710505475,478598,2767011600,2767012711
566981866494,627697,1107385640,1107386463
1781521370061,77220,3479532032,3479533927
1315193835196,72081,2568736056,2568737959
268741943722,149181,524884856,524886615
873844866532,162243,1706726528,1706728255
1936136037994,99768,3781513848,3781515703
1261230986303,130126,2463339984,2463341775
622570236802,149803,1215955744,1215957495
899830167441,215560,1757479176,1757480799
535588083538,166832,1046068760,1046070479
625559282022,293210,1221794000,1221795479
149062923297,167292,291136808,291138527
1157461264775,98395,2260664680,2260666535
1255789298939,809125,2452713008,2452713479
296116379622,116661,578350488,578352303
259760515395,656495,507343992,507344759
962383494400,31162,1879653280,1879655263
1685611030525,73793,3292207144,3292209047
879806435143,319192,1718370520,1718371943
114576536200,44965,223780344,223782303
766933064174,97467,1497914288,1497916143
622157172018,4812,1215148688,1215150727
1082714811053,350695,2114676008,2114677367
962426654158,131755,1879737776,1879739559
944697994913,118854,1845111456,1845113271
201777940663,521276,394096512,394097543
326053709369,270792,636822136,636823655
1747698769148,1024281,3413474112,3413474159
1028654451940,51885,2009088784,2009090727
226603428977,124251,442583024,442584823
1838429227191,13563,3590680064,3590682087
840626050528,165227,1641846032,1641847759
194364711993,349392,379617216,379618583
1245513860179,681467,2432643544,2432644263
1682213769860,71081,3285571864,3285573775
611064396534,1049,1193483104,1193485151
192666246062,570891,376300336,376301263
245890337843,259538,480253032,480254567
616727357260,211382,1204543992,1204545623
700011385895,94307,1367207880,1367209743
1744433993296,246732,3407096080,3407097647
856212325638,85328,1672287824,1672289703
722459322133,21079,1411051360,1411053367
432145580689,225873,844032736,844034343
120710325037,191615,235760680,235762359
780131019200,157267,1523691664,1523693399
888802749387,138569,1735941096,1735942871
677610647127,13717,1323456280,1323458295
2038562479919,163564,3981565616,3981567343
1936440903438,76472,3782109248,3782111143
1276928918485,7424,2493999768,2494001799
1991448132054,124685,3889545336,3889547135
1812943201546,140230,3540902920,3540904695
1588301064512,178866,3102148824,3102150519
2027526804469,157604,3960011552,3960013295
894853199844,880623,1747759832,1747760159
1114329622833,201947,2176423392,2176425047
737851342792,276303,1441114400,1441115903
1319953398037,425753,2578032768,2578033983
661013252460,328202,1291040104,1291041511
513563602130,44247,1003051952,1003053911
1770186436743,228033,3457393784,3457395391
1158940107874,454756,2263553744,2263554903
84051204384,504082,164161448,164162511
1654673413728,171116,3231782304,3231784015
906983704634,40986,1771450584,1771452551
2031228994732,446613,3967242960,3967244135
386529588937,119954,754938792,754940607
318306709669,256849,621691248,621692799
1816283629601,43571,3547427008,3547428967
786204694818,15156,1535554032,1535556047
1783308908269,74521,3483023312,3483025215
1727764692899,401221,3374539152,3374540415
1365577937299,653710,2667143640,2667144415
1321360946579,427164,2580781888,2580783103
1514168142032,358081,2957358304,2957359655
1991886454586,441700,3890402048,3890403231
881976801988,368837,1722609616,1722610943
4070566838,102181,7948480,7950327
117207730316,130041,228919560,228921351
1404496867170,318518,2743156520,2743157943
1219612529064,4075,2382053688,2382055727
1759710345623,188086,3436932592,3436934271
1562348274611,88227,3051459600,3051461479
564479419001,823430,1102498432,1102498871
2035570370711,257543,3975721840,3975723383
1493781062462,28482,2917539152,2917541143
1623246844349,32462,3170402016,3170403999
1254377750441,14604,2449954528,2449956543
309250024908,455575,604002800,604003959
1391044497790,130470,2716881992,2716883791
903424111436,257058,1764498672,1764500223
521569038578,37123,1018687560,1018689535
800899269989,341706,1564255008,1564256391
1536458156187,274604,3000893328,3000894839
1764745469503,32412,3446766512,3446768495
689164928588,227776,1346023656,1346025255
219917346869,633597,429525264,429526071
1790812172593,87268,3497678152,3497680031
1855199109716,138044,3623433984,3623435767
1427495427417,332893,2788075616,2788077007
962503148154,258380,1879887424,1879888967
1410093479727,821249,2754088384,2754088831
1969099440169,714556,3845896696,3845897351
388963669464,134571,759692888,759694671
905646699522,92556,1768839344,1768841215
548201368020,228311,1070704200,1070705799
326012745092,55491,636741704,636743647
1272953282885,47319,2486234928,2486236887
221942574715,85296,433479712,433481591
667246406654,40017,1303213672,1303215639
577776240307,180365,1128467528,1128469223
1984420970165,392793,3875820928,3875822207
1705739623263,60258,3331520776,3331522703
1004405344820,152612,1961727440,1961729191
1207635108505,425739,2358661112,2358662327
1061614984343,781515,2073466248,2073466767
1604132466582,332051,3133069832,3133071223
37153381930,468690,72564072,72565199
1941087869668,72837,3791185344,3791187247
861523588844,2705,1682661224,1682663263
1435833611021,109647,2804360688,2804362527
1986926925781,38091,3880714680,3880716655
1762626326153,45692,3442627592,3442629543
1909127151571,121427,3728762160,3728763967
575924591382,184844,1124851032,1124852719
336411899132,870269,657054144,657054495
1626843072384,540559,3177426888,3177427879
718796352704,831033,1403898704,1403899127
2024719504240,121142,3954528472,3954530287
1983874402376,423152,3874753472,3874754695
1791334954738,498741,3498700016,3498701087
756743396907,261496,1478012912,1478014447
362316537973,349472,707648128,707649495
1573464946545,156743,3073171984,3073173727
327638344605,12520,639916624,639918647
1241007363639,30642,2423840520,2423842511
1792520113365,740335,3501015248,3501015847
158491306230,10679,309551312,309553335
1786227455211,301922,3488724048,3488725503
664516736883,300068,1297882792,1297884255
1121614918317,592448,2190653248,2190654143
187853673632,10601,366899680,366901711
1550498791927,241301,3028316384,3028317959
110735436786,263349,216278624,216280151
249383036958,80004,487074360,487076247
704156679450,733896,1375305400,1375306015
68127969818,234724,133060856,133062447
140202955056,76866,273832000,273833903
386183595518,74389,754262936,754264839
729760687792,190653,1425312168,1425313847
154392718601,625431,301547456,301548279
749433756685,297010,1463736344,1463737807
1943433171297,267417,3795766392,3795767919
366201233642,142947,715235016,715236791
993955516931,645567,1941318584,1941319375
1554352975725,154072,3035843912,3035845655
935721496901,444281,1827579872,1827581055
809617560060,113935,1581282472,1581284303
2032775117348,451656,3970262736,3970263903
1886558498677,214663,3684682944,3684684567
1923575290762,96437,3756981136,3756982991
295043030267,639720,576255120,576255919
165319955464,420144,322889312,322890543
700824388763,36989,1368795664,1368797639
936221926840,564659,1828557512,1828558455
1234223373558,267879,2410591008,2410592527
1547345984523,238671,3022158552,3022160127
1359305857318,8386,2654892224,2654894255
106627428220,21818,208254696,208256695
1460842945435,572537,2853207952,2853208879
1213106556515,659248,2369347984,2369348743
501506134589,157547,979502432,979504175
384527816002,900616,751030608,751030895
498313958640,72489,973267552,973269455
600011540929,33469,1171895560,1171897543
1959890495728,275697,3827909616,3827911127
196421573876,61205,383633960,383635887
613931851044,27582,1199083656,1199085647
1028470100371,197148,2008729008,2008730671
1790012776438,265647,3496117176,3496118703
314094551760,251269,613464368,613465927
1287791185242,425150,2515215944,2515217159
1420920231841,118731,2775233016,2775234831
729027265955,602855,1423880512,1423881383
668803496150,149433,1306255080,1306256831
1207490086058,184287,2358377392,2358379079
49032603346,128383,95765008,95766807
925688244097,279123,1807983352,1807984855
1874933235135,1187,3661976936,3661978975
1737268946339,74015,3393101512,3393103415
36671773513,468890,71623432,71624559
287157224931,117162,560852136,560853959
1244821845875,6341,2431290640,2431292671
1472407514180,440160,2875794744,2875795927
896407382240,5105,1750793632,1750795671
160657792887,139231,313782976,313784751
2021242071842,633438,3947737616,3947738423
276824533783,138026,540671144,540672919
1789324167573,298565,3494772304,3494773767
1550069645365,82808,3027477896,3027479783
36428560113,569055,71148600,71149535
67325301494,16265,131492720,131494735
656491910563,5810,1282208728,1282210767
1765720278964,149787,3448670672,3448672423
421551162173,566763,823341176,823342119
1743541054712,733673,3405353008,3405353623
1151268856069,55034,2248570048,2248571991
1892803608180,39944,3696880080,3696882047
458111146005,229484,894746736,894748335
1122321130979,44160,2192031504,2192033463
1374805920929,145482,2685166056,2685167815
579919224191,829744,1132654312,1132654735
1634535028801,314719,3192449800,3192451231
2037471970618,65274,3979435528,3979437447
821978952333,527640,1605426624,1605427647
1256104783958,333416,2453328264,2453329663
1743160243265,269317,3404608336,3404609855
853281736907,281061,1666564400,1666565895
505712301219,318471,987717920,987719343
559749686121,45728,1093259152,1093261111
442869164908,303374,864977384,864978839
224786745775,10734,439034592,439036615
783268410771,177237,1529819416,1529821119
1988572023430,4143,3883927696,3883929735
1532383287118,68318,2992934200,2992936111
685069909840,120270,1338025360,1338027167
743354883944,323094,1451863592,1451865007
972877933277,144240,1900150448,1900152215
1446366323039,42268,2824932264,2824934231
353483861717,702722,690397496,690398167
820421233467,49345,1602383272,1602385223
525002557427,656388,1025394856,1025395623
545503189590,292984,1065434448,1065435919
469041751887,193605,916095504,916097175
119693138391,365679,233774328,233775663
938063535762,1789,1832153304,1832155343
497520894208,351042,971719136,971720503
753746846432,52133,1472159864,1472161815
787441571226,7597,1537969792,1537971823
918779229211,125297,1794488880,1794490687
1645571554967,269697,3214005424,3214006943
388414728540,46,758620472,758622519
805431707879,15106,1573106792,1573108807
1510813185377,359032,2950805656,2950807007
966872556369,181749,1888421272,1888422967
1642764164735,2211,3208521720,3208523759
911205534455,8843,1779696280,1779698311
2014753112819,213067,3935063048,3935064679
228615464083,357512,446513232,446514583
526941899216,15827,1029181384,1029183399
1895385433677,105931,3701922840,3701924679
1780702707919,313889,3477933544,3477934983
666727443675,430733,1302200832,1302202039
1879142556014,346684,3670198936,3670200311
1853760536589,31200,3620624064,3620626055
1184683951372,557070,2313834888,2313835847
854219534153,138,1668395480,1668397527
1953898253221,32965,3816205544,3816207527
39152189461,727931,76468496,76469127
1469765430697,370196,2870634288,2870635607
1573218581732,888197,3072692232,3072692543
1144395877148,351446,2235146840,2235148199
1606253645695,2549,3137212112,3137214151
601907110675,270732,1175598312,1175599831
1822971466097,362026,3560489808,3560491151
1718670938302,163913,3356777456,3356779183
509532091269,47790,995177912,995179871
425875167883,322747,831786024,831787439
993661867046,76666,1940743936,1940745839
642619485222,31866,1255114200,1255116183
301203976708,66488,588287104,588289023
865767097965,207021,1690949720,1690951367
1747081760673,181994,3412267376,3412269063
366558124258,67525,715931928,715933839
1273687503377,161237,2487669176,2487670911
27298947688,213844,53316632,53318263
899548316825,253510,1756928760,1756930311
1177870998476,240487,2300527720,2300529295
118575916873,378328,231592280,231593591
84468138663,122227,164975032,164976839
1871581489930,23498,3655430600,3655432599
1750926434407,70628,3419776288,3419778199
21923279930,626826,42818088,42818911
996244569654,4966,1945788144,1945790175
389583641521,443142,760904368,760905551
1039627304981,576079,2030521160,2030522087
1242531563594,105492,2426817624,2426819463
707555092371,263922,1381942008,1381943543
410446900102,161663,801652376,801654103
1957259634040,126954,3822770928,3822772727
803509045731,582689,1569352696,1569353607
1309498072202,446919,2557612248,2557613423
610957007308,33723,1193273424,1193275407
361921943136,211436,706877168,706878799
554503395780,424031,1083013232,1083014447
1153399777396,426212,2252732728,2252733943
572647612012,57432,1118450432,1118452367
1602248991808,130600,3129390776,3129392567
1774492976599,92650,3465804728,3465806599
1032075070157,229,2015769576,2015771623
9841426127,24794,19219536,19221535
1696214269142,127261,3312916696,3312918495
239987287360,9322,468723144,468725175
1286666424192,129087,2513018568,2513020359
1963627755284,99182,3835208608,3835210463
1650572990240,170158,3223773656,3223775375
2009220014157,36047,3924255864,3924257847
1774322648224,195657,3465472264,3465473927
1492612434568,402917,2915257408,2915258663
541075266384,26198,1056785640,1056787631
99457102321,28431,194250168,194252159
589890530909,160663,1152128216,1152129943
200760857936,68122,392109136,392111055
347225717283,364103,678173896,678175231
821410851304,266547,1604316544,1604318071
1951064221394,387303,3810671016,3810672311
2027583650242,365317,3960122984,3960124319
320626879839,509226,626223328,626224375
99218949022,100683,193785160,193787015
1094398853269,296513,2137496296,2137497767
1159840344877,357658,2265311832,2265313175
499053089890,642212,974712280,974713071
70315898815,90243,137333872,137335743
1152479963088,145167,2250935664,2250937431
2010751471870,265607,3927247440,3927248975
915747322550,923,1788566944,1788568991
1288760300060,330292,2517108560,2517109967
849956996093,100288,1660070408,1660072263
1699795439212,134772,3319911184,3319912967
254575376280,497207,497216456,497217535
1076246019080,844072,2102042608,2102043007
334833504280,646328,653970904,653971695
1818012672706,820275,3550805560,3550806007
1887330303378,401049,3686190736,3686191999
1679512165545,151745,3280295448,3280297199
1237487784823,3215,2416966296,2416968335
466400030728,241448,910935984,910937567
1781374600247,202342,3479245616,3479247271
1226132910193,412562,2394789600,2394790847
1649559397440,178152,3221794000,3221795703
408359735232,588447,797576712,797577607
1613096162416,168152,3150576728,3150578447
1573995778231,7954,3074208472,3074210511
1793588792580,695474,3503102424,3503103111
1803949888681,223908,3523338016,3523339631
1266095857759,42128,2472841512,2472843479
128483764253,534191,250943848,250944855
197183390663,151600,385122064,385123815
64934506476,461711,126824064,126825207
1643153007878,137360,3209281440,3209283223
398846522531,45437,778995160,778997119
685316840396,763231,1338508904,1338509455
1570350112278,775240,3067089536,3067090063
1859754335834,156978,3632330952,3632332687
384906167120,449110,751768688,751769863
80392743015,33050,157015096,157017079
1695438234512,421895,3311401584,3311402807
92830117725,87638,181306952,181308823
1670898535695,39113,3263471736,3263473703
69318917083,839373,135388104,135388511
716248394918,192913,1398920976,1398922647
328559410241,254732,641716048,641717599
1461722217223,363413,2854924872,2854926207
1463917866576,52316,2859212640,2859214583
1289755216718,534824,2519052160,2519053159
590745509665,458912,1153798672,1153799823
1642953357296,352847,3208891920,3208893279
132019998791,6033,257849528,257851567
612068651955,376506,1195445280,1195446591
1942724021658,435639,3794381664,3794382855
1319728936542,23860,2577593584,2577595583
1130598864577,135605,2208199128,2208200911
3447360431,75691,6731232,6733127
1106077761807,343619,2160306752,2160308135
1628616560941,1004402,3180891640,3180891727
1984442338113,452220,3875862784,3875863943
814988748755,71827,1591773000,1591774903
1010878914529,301685,1974371424,1974372879
1230014765447,350660,2402371232,2402372591
995822364322,23067,1944963560,1944965559
18379081551,49113,35894696,35896647
1377209690933,136422,2689860904,2689862679
1346316728392,56048,2629522928,2629524863
127119261138,227551,248278208,248279807
1573881698288,141311,3073985920,3073987695
837709586404,259951,1636150000,1636151535
1448706799763,145019,2829503704,2829505471
1371072960058,582014,2677875968,2677876879
50455782428,60592,98544528,98546455
782001002515,767771,1527345160,1527345711
1148246991930,109036,2242668072,2242669911
125116770433,57899,244366760,244368695
278563326029,400362,544067736,544068999
252607359790,322528,493372336,493373751
93279635481,234386,182185200,182186791
241488083061,21629,471654408,471656415
1840851635523,162052,3595411624,3595413351
894178643222,358742,1746441320,1746442663
132136231666,142283,258076808,258078583
1973039187773,9233,3853590136,3853592167
1155184725333,299415,2256218704,2256220167
78518858434,47879,153355192,153357151
1005941306599,317929,1964727688,1964729119
1034247931738,60660,2020013568,2020015495
1880526352568,86441,3672901160,3672903039
82169485476,394633,160486000,160487279
969971878451,197669,1894474664,1894476327
689471441394,66649,1346621992,1346623911
1327760015450,718336,2593280640,2593281287
32342728687,2528,63167352,63169391
1197054951680,356738,2337996608,2337997959
196081138595,109627,382969144,382970975
815415034933,110481,1592605664,1592607495
296800823332,100572,579687264,579689111
786697474736,231605,1536516912,1536518511
465026972236,14012,908253792,908255807
1940310281284,88508,3789666648,3789668519
700859105646,639342,1368864648,1368865447
453573291020,34976,885883360,885885335
435839457634,500868,851247872,851248943
1991878387764,456836,3890386328,3890387479
256526682246,50123,501026728,501028679
223086352520,106561,435713696,435715535
1809847889443,78923,3534857272,3534859159
1155632423346,114051,2257092752,2257094583
893893172921,190230,1745883432,1745885103
1474315675978,308270,2879521360,2879522807
1117019691053,163843,2181677360,2181679087
1700419258400,155888,3321129624,3321131367
1467510690873,335936,2866230432,2866231823
911976888611,97337,1781203008,1781204863
168894698154,377715,329871152,329872463
88015719014,349636,171904344,171905703
1032334574404,157514,2016276728,2016278471
72383504625,1400,141371992,141374039
365715888268,232133,714287256,714288847
1073296483051,114071,2096280376,2096282199
1680054039216,872757,3281355208,3281355551
986690778383,204128,1927128784,1927130431
419664709159,661218,819656880,819657639
1734106623154,224799,3386925392,3386926999
250873730639,59400,489985824,489987759
1213500105461,654284,2370116624,2370117399
416949280919,387389,814352776,814354071
587335725958,468341,1147138960,1147140095
1497167667286,481972,2924154496,2924155607
1180989567466,334893,2306618856,2306620255
1246732235702,136921,2435022120,2435023903
1469570562269,177188,2870253304,2870255007
473019937457,31560,923865080,923867071
1695415789245,242390,3311357392,3311358967
1211898471234,144174,2366987440,2366989207
554389199025,489663,1082790320,1082791407
1367385470340,111063,2670672920,2670674751
1125221119590,304386,2197696048,2197697503
712244357566,180073,1391100568,1391102263
895539982613,195640,1749099864,1749101535
1700528333197,8025,3321342376,3321344407
2042002007154,132662,3988283384,3988285175
620121507110,137400,1211173040,1211174823
1666513521680,41544,3254907256,3254909223
636154087815,324469,1242487040,1242488455
1808445256166,65435,3532117728,3532119647
1175782391449,919140,2296449736,2296449983
1558998973952,302268,3044918416,3044919871
879631604873,163930,1718028752,1718030479
688131306998,323459,1344005048,1344006463
1374324700841,154497,2684226192,2684227935
1869456665084,76387,3651280656,3651282551
187716648544,88124,366632208,366634079
1067857115807,309353,2085656992,2085658431
963459427480,18929,1881754688,1881756695
1546898062063,191223,3021283608,3021285279
60581884321,111454,118322168,118323999
1216663674927,677552,2376295520,2376296247
364577221545,117478,712063072,712064887
1838193625409,615455,3590221080,3590221927
624111509306,16422,1218965776,1218967791
1850033004402,80970,3613343824,3613345711
36564034882,808852,71413664,71414135
94960258575,189371,185467584,185469255
1220932694973,46612,2384632216,2384634175
1098770794308,681326,2146035992,2146036711
1384086127038,167325,2703291496,2703293223
2043103857735,90213,3990435352,3990437223
81374481573,12706,158932512,158934535
1609721652580,181454,3143985912,3143987607
1685153481362,49785,3291313448,3291315399
207999074696,64515,406246272,406248199
1139158655091,90725,2224917384,2224919255
727973179954,229888,1421821024,1421822623
979848323970,226991,1913764656,1913766263
630503962899,447238,1231451880,1231453055
765518507968,67999,1495151424,1495153335
1203913546276,344852,2351392272,2351393647
549021279718,53353,1072305248,1072307191
609074255849,60952,1189596232,1189598159
47702781004,66416,93167576,93169495
549989556104,202559,1074196704,1074198351
1766578322015,406820,3450347032,3450348287
1909621994062,303312,3729729008,3729730463
792224967130,662517,1547313640,1547314391
58169033264,47268,113609440,113611399
1943853494952,111621,3796587032,3796588863
1989164141584,197448,3885084552,3885086215
16622755288,191419,32464648,32466319
1640853725932,327453,3204791032,3204792439
1076882529458,170201,2103284480,2103286191
36473369958,731836,71236440,71237055
316412077397,90974,617990472,617992343
672748605942,449,1313960080,1313962127
1959065224034,340412,3826297888,3826299271
1333570555890,568503,2604629056,2604629991
365067283597,266302,713020512,713022039
1814481936981,645485,3543909248,3543910039
1481339240839,412650,2893239464,2893240711
335694969046,240049,655652664,655654239
699860078668,477848,1366913104,1366914223
992644587292,181418,1938757272,1938758959
283642432196,805445,553988656,553989127
753068075527,359581,1470834744,1470836087
820919262972,331397,1603356536,1603357935
47070361503,203881,91932656,91934303
827112922434,61946,1615453000,1615454927
735922543532,133931,1437346936,1437348719
155837644886,502924,304369336,304370407
705876019056,421022,1378662880,1378664103
1086127208,93464,2119480,2121343
383673026201,571334,749360448,749361383
30089633658,175606,58767112,58768815
470513453958,678135,918970872,918971591
765653887165,118565,1495415936,1495417751
1293427905729,242773,2526224808,2526226383
1017061960372,365733,1986447808,1986449143
386388025282,302067,754662656,754664111
907356868308,143405,1772179616,1772181383
1832231776756,88971,3578575816,3578577695
1068449116076,227743,2086813080,2086814679
516953138992,729422,1009673480,1009674103
915172386228,1759,1787444024,1787446071
76274389730,275269,148971912,148973423
147290574538,454341,287675744,287676903
1151667069460,296280,2249348280,2249349751
692858148089,542033,1353237584,1353238575
1788658938449,46653,3493472536,3493474495
1745364177637,177271,3408912712,3408914415
2030305935471,410141,3965440040,3965441287
6315955673,326794,12334448,12335855
941954446687,1007849,1839754704,1839754783
765874431760,306942,1495847056,1495848503
113015448678,173038,220731592,220733303
659812376511,861062,1288695688,1288696047
595796112797,53989,1163662344,1163664287
550037046463,109322,1074289272,1074291111
1556640331862,171610,3040311440,3040313151
150472661322,915606,293891664,293891919
1523955385639,804312,2976474888,2976475367
534477335224,51805,1043899104,1043901047
347911061899,148610,679512040,679513799
2037403417029,76443,3979301656,3979303551
1331746861485,533848,2601067088,2601068095
498585596080,499505,973798920,973799999
188553215449,11465,368265976,368267999
1570349865782,290708,3067088104,3067089583
850098058390,265711,1660346248,1660347775
1737546827935,9124,3393644120,3393646151
1320222663109,35621,2578557912,2578559895
770100844265,277449,1504101712,1504103215
1579589148568,46407,3085133104,3085135055
4303058007,193514,8402744,8404415
1600826656398,76239,3126612672,3126614567
1332282732255,314127,2602113280,2602114711
1275061460567,378069,2490353112,2490354415
1980809982665,127096,3868767704,3868769503
1589822569750,555974,3105121248,3105122207
241072843213,515690,470844360,470845399
703331438457,15636,1373692200,1373694215
1160956174696,273298,2267491016,2267492535
1884311228686,409222,3680294120,3680295375
1626384185703,199218,3176529960,3176531615
629030336971,681065,1228574160,1228574879
1401028062457,90404,2736381064,2736382935
730051588720,449188,1425880840,1425882015
514391022949,76682,1004668072,1004669967
373299150472,203237,729098256,729099903
1646794240650,28947,3216393016,3216395007
108925642031,156259,212743656,212745399
1991787094871,112891,3890207344,3890209175
895793142220,297363,1749594520,1749595983
273768745192,386225,534703288,534704583
1578678941845,365507,3083355976,3083357311
1399686455739,551243,2733761640,2733762615
1858202127769,28045,3629299040,3629301031
69853820973,497566,136432168,136433247
8271229343,407109,16153496,16154751
1727138714204,349780,3373316440,3373317807
320075116269,532737,625145704,625146711
1632296412822,10365,3188076904,3188078935
1249170104567,46114,2439783408,2439785367
96623854044,546119,188717488,188718471
1152535527076,100537,2251044104,2251045951
544468441299,470565,1063413800,1063414927
1936354930179,63765,3781941304,3781943223
698037712767,108421,1363353072,1363354911
883373113398,205320,1725336472,1725338119
1179109053823,19827,2302945368,2302947375
1075395713158,97521,2100380400,2100382255
1276860590840,749093,2493867760,2493868343
1658485645688,1006474,3239229696,3239229783
1364719828774,240648,2665466840,2665468415
1684318257669,576384,3289683176,3289684103
827361131395,66442,1615937792,1615939711
260549120294,256006,508883456,508885007
1428105100256,191095,2789266104,2789267775
1530584396590,201974,2989421000,2989422655
1575042263867,549677,3076253448,3076254423
445447717700,164030,870013352,870015079
924857397191,7964,1806360072,1806362103
283783564134,142246,554263008,554264775
1506033381745,401062,2941470192,2941471455
1709614911197,248656,3339090064,3339091623
1876795278199,110114,3665613952,3665615783
175395347883,18959,342567032,342569039
1327928585761,46268,2593608568,2593610519
971519496735,131920,1897497232,1897499023
411553974752,409683,803815112,803816359
183351356162,31162,358106136,358108119
1739382603992,366737,3397230320,3397231655
1447311855436,29074,2826778984,2826780967
1664192640454,249329,3250374696,3250376255
1373895461149,6819,2683387544,2683389575
428644424081,308547,837194696,837196143
1147100630463,511053,2240429872,2240430919
93927572086,655636,183451528,183452295
1814904110786,191897,3544732920,3544734591
378387094057,357289,739035944,739037295
236550334928,44755,462010416,462012375
1878920125760,153018,3669764128,3669765871
289517976534,515607,565463760,565464799
204973574250,25500,400337016,400339015
274256225959,237341,535655112,535656695
1168886310392,239267,2282979496,2282981079
858002022493,445299,1675784024,1675785207
2016399358078,134594,3938278216,3938279999
1586988683872,805444,3099586800,3099587279
1646671264373,186419,3216153136,3216154815
1502459045255,18848,2934488312,2934490327
655001478824,146461,1279298008,1279299767
1615006205833,172879,3154307288,3154308999
1598134026868,111492,3121353696,3121355527
161574708812,218204,315573984,315575607
1694877923893,309522,3310307008,3310308447
972526170478,241502,1899463608,1899465183
1372450383194,126640,2680565360,2680567159
1803741461950,539139,3522931552,3522932543
1192421408813,487994,2328946976,2328948071
1289204412889,483775,2517976272,2517977375
721355271,601772,1408032,1408903
1253624409608,668236,2448484440,2448485175
493627288415,260565,964114264,964115799
1195504502760,443455,2334968552,2334969735
1189332262844,821387,2322914136,2322914575
1985311593224,389190,3877560424,3877561711
1808761227284,395412,3532735504,3532736775
691422899317,87385,1350433480,1350435351
1999004269994,575921,3904304296,3904305215
263121062785,717579,513907680,513908327
1565851374405,36936,3058301496,3058303471
1939842793760,466050,3788754320,3788755463
962664805126,50302,1880202752,1880204703
782132724875,28175,1527600992,1527602983
1308191669300,38784,2555059888,2555061855
364640136714,142734,712186000,712187767
1296923888359,42876,2533052512,2533054471
1254228081655,311173,2449662784,2449664223
1112245059737,106699,2172351800,2172353639
358569343755,546173,700329776,700330751
1453849752908,430266,2839549096,2839550303
1603754439118,856279,3132332520,3132332895
369939571619,102249,722536384,722538231
1372467533904,142448,2680598888,2680600655
936125892254,220841,1828369272,1828370887
1642651852869,72642,3208302496,3208304407
447213830754,869978,873464168,873464519
829643901270,354194,1620396896,1620398247
315424028506,234214,616060968,616062559
2038957715555,386372,3982338000,3982339295
305834979507,30831,597331960,597333951
1369426886513,525742,2674660872,2674661887
1923872398199,253625,3757561728,3757563279
799824816821,181505,1562156152,1562157847
1516341968504,220604,2961603792,2961605407
447848979071,149587,874703288,874705039
190258913720,154403,371597696,371599447
373062560650,412069,728636576,728637815
443776295976,42240,866748616,866750583
110291584058,397410,215411984,215413255
1059957216375,20017,2070226936,2070228943
1608532226650,305552,3141663056,3141664511
1901268080206,916630,3713413968,3713414223
585826826537,50056,1144191072,1144193023
1883716872862,380657,3679133216,3679134519
406867977408,49385,794662072,794664023
218080821904,141333,425937336,425939111
1166617868543,445453,2278549352,2278550527
867191734261,249445,1693732296,1693733855
1114725511470,94256,2177196408,2177198271
445268888156,257132,869664256,869665799
1855366077464,222832,3623760264,3623761871
720707273868,75601,1407629496,1407631399
1066482140060,152211,2082971184,2082972935
1679354755578,44689,3279987800,3279989759
1206538062111,721736,2356519016,2356519655
480434772107,207905,938347528,938349167
825903168971,6607,1613090096,1613092127
1804472600941,125213,3524358752,3524360551
1868411791647,153724,3649240040,3649241783
1678755377031,147112,3278817336,3278819095
1768418434294,677851,3453941536,3453942255
28923817991,24830,56489840,56491839
1372697162184,21195,2681047144,2681049151
1705923939518,755287,3331882128,3331882695
432103071315,7314,843949280,843951311
460609566324,352816,899626704,899628063
814163857058,316061,1590162360,1590163783
667458732586,656128,1303629576,1303630343
1968835277499,206559,3845379760,3845381407
209198833054,388025,408590184,408591471
1829717459073,573354,3573665992,3573666919
148072413459,152275,289202184,289203935
1431409888191,109386,2795720608,2795722439
628895738838,140793,1228310224,1228311991
671004640145,32717,1310553960,1310555943
1371732875436,142809,2679164008,2679165775
895942306843,71256,1749885416,1749887319
936442393522,10177,1828987024,1828989055
126063644174,63232,246216136,246218055
647849763902,26400,1265329576,1265331575
1343547366039,12692,2624113928,2624115951
824672259256,269377,1610686488,1610688007
356418598341,133882,696128296,696130079
706409587110,162127,1379704496,1379706231
1912570097598,7723,3735486440,3735488471
229984285828,388293,449186776,449188063
1566786936261,444810,3060129560,3060130735
1389878056043,750764,2714605000,2714605583
1908030212397,255568,3726619960,3726621511
1945338113330,66268,3799486592,3799488503
1321751971063,53316,2581544880,2581546823
1474092386869,123671,2879084888,2879086695
1074984306851,576333,2099577808,2099578727
1109716849466,49934,2167413776,2167415727
729795095499,245097,1425379480,1425381047
34159910612,144685,66716816,66718575
1239722920736,519574,2421332800,2421333831
148797946516,575461,290620072,290620991
845725012833,541594,1651805680,1651806671
417473127746,134028,815375424,815377207
425483548540,98474,831020704,831022559
1804937692415,998885,3525268840,3525268935
2024614854298,12065,3954323864,3954325887
62897996139,885308,122847336,122847655
1815878657689,85472,3546636128,3546638007
70909920,349599,137136,138495
1752704649698,385343,3423249976,3423251271
2003449152698,132969,3912984840,3912986631
769790043031,107866,1503494344,1503496183
707914497514,11311,1382643480,1382645503
338688310935,527427,661499592,661500607
1764335643504,212422,3445966424,3445968055
1919129785621,156388,3748298624,3748300367
1247768342922,59367,2437045616,2437047551
1085470648808,185931,2120058184,2120059863
1758275885415,589824,3434131696,3434132591
1971557023064,589098,3850696416,3850697311
1716826781487,253382,3353175760,3353177311
29035879531,580274,56709792,56710703
1547628524018,512317,3022710920,3022711967
1078336438469,23259,2106123856,2106125863
18656919549,40550,36437328,36439295
604961495775,234803,1181563840,1181565423
1529197283943,323001,2986712032,2986713447
1734584818762,297230,3387859512,3387860975
329327693260,24891,643216152,643218151
1152341078464,210275,2250664536,2250666175
50092546852,898750,97836720,97837007
1703919400687,717129,3327966936,3327967583
1065728784733,725502,2081500904,2081501535
1240385504534,17556,2422625928,2422627943
433394753594,14184,846472112,846474135
542371889777,51792,1059318152,1059320103
1998939656278,238002,3904177440,3904179023
1803411806398,12151,3522286664,3522288687
1151997468288,90333,2249993184,2249995055
1598950317631,537641,3122948848,3122949839
615895424733,146979,1202918992,1202920751
543806837666,739987,1062122128,1062122735
1633429189546,276705,3190289880,3190291391
151031626154,703419,294982976,294983647
541171266039,29409,1056973144,1056975135
99391322387,784415,194123168,194123679
126331466415,10368,246739120,246741151
1273029308104,461205,2486384224,2486385367
334581287291,23389,653477080,653479079
1900487975707,4072,3711888544,3711890583
2007686693173,263318,3921261544,3921263079
1076234146589,2588,2102017776,2102019823
516921746599,35190,1009610808,1009612791
87926676599,479352,171730680,171731791
1448348736467,338957,2828804744,2828806127
520886941261,42531,1017355344,1017357311
201390042829,521832,393338904,393339927
1970787925932,584855,3849194264,3849195167
1223833504724,32219,2390297832,2390299815
559922581371,208821,1093597152,1093598791
945494545707,593182,1846668152,1846669039
504187352280,116257,984739104,984740927
13652788598,139706,26663832,26665607
1715153136033,94698,3349906608,3349908471
98986757272,5937,193331480,193333511
1726801504098,164076,3372657464,3372659191
255572576330,377182,499163880,499165191
1035328617365,650191,2022125432,2022126207
1631316963257,90192,3186164080,3186165943
1597718825831,130619,3120542792,3120544583
1549787196363,306755,3026926672,3026928119
1231939411020,229996,2406130064,2406131663
445248346256,498497,869624608,869625679
277415132879,630520,541825616,541826431
1631009594529,5152,3185563584,3185565615
1296144888942,160486,2531531256,2531532991
650837722992,574750,1271166504,1271167431
79558788502,332005,155386864,155388263
1105193271418,104068,2158578768,2158580615
1603035205416,264142,3130926608,3130928135
1713533453754,150773,3346743280,3346745031
653826085940,7260,1277002048,1277004079
830810982346,645631,1622676920,1622677703
1259813743807,307104,2460572272,2460573719
514515512678,219202,1004911496,1004913111
1401964081409,63066,2738209176,2738211103
514955780565,296638,1005771544,1005773015
1253525768236,155332,2448290776,2448292519
1193189311241,284908,2330446384,2330447879
384559613959,159611,751091264,751092999
17974179825,5385,35103784,35105823
1890724725530,117896,3692819912,3692821735
1105755212723,142073,2159676384,2159678151
1699086497492,110105,3318526488,3318528319
2038548013423,191912,3981537416,3981539095
1750485026869,344686,3418914696,3418916071
652140267449,39207,1273709496,1273711463
605023589698,533094,1181685696,1181686703
1221165555781,355037,2385087624,2385088983
1309898549743,177860,2558393912,2558395607
586184180670,12115,1144888960,1144890983
973678638312,232145,1901714496,1901716095
1056630387885,705896,2063730560,2063731231
1970414941676,379419,3848465384,3848466687
778945191618,305,1521375280,1521377327
143969250896,5660,281187912,281189943
1296446597491,414267,2532121024,2532122263
1730428649644,5293,3379741424,3379743463
1876444116747,25680,3664927920,3664929919
1442785258010,506742,2817938904,2817939959
324622424348,806346,634027704,634028175
578523227561,25541,1129926184,1129928183
426454084390,179770,832916440,832918135
220927906389,414554,431498584,431499823
1300353462689,383966,2539751560,2539752863
738713517445,51412,1442797896,1442799839
1502677186976,95731,2934914520,2934916383
943757255052,9207,1843273864,1843275895
932046174091,210858,1820401048,1820402687
100846951095,112555,196964880,196966703
67733107587,9963,132289200,132291231
615404188109,205912,1201959664,1201961311
1470298788818,515351,2871676288,2871677327
761895766411,726241,1488077040,1488077671
1175559936267,299983,2296014040,2296015503
1207561801798,186628,2358517464,2358519151
198861518210,123543,388399600,388401407
671073206339,654493,1310689088,1310689863
88384806883,1152,172624536,172626575
799362509053,555488,1561253944,1561254903
668847472827,3427,1306340680,1306342727
1244629765980,177174,2430915816,2430917511
1641615165039,14396,3206277600,3206279623
1826320307513,128206,3567030056,3567031855
1132875240235,178114,2212645256,2212646959
275532071611,129466,538146784,538148583
995798735285,154812,1944917664,1944919407
40623814935,632988,79342584,79343391
1328243169227,52096,2594223000,2594224943
804258626485,233854,1570816040,1570817631
1304148266707,232587,2547162992,2547164583
1603594910854,5017,3132019280,3132021311
702947276354,52866,1372941960,1372943903
1527502831894,109170,2983402136,2983403975
1127352281513,43248,2201857968,2201859927
271573435491,362709,530415528,530416871
1615125605058,9103,3154540168,3154542199
1530609465763,511076,2989470568,2989471615
137532732505,613589,268617776,268618623
58063447041,537706,113404176,113405175
141628847358,652477,276618072,276618847
391558654912,210039,764761368,764762999
1619041058223,271347,3162188056,3162189567
477118894862,518906,931871808,931872847
332316258341,664164,649054448,649055199
402897003783,425178,786907000,786908215
960337196102,200618,1875656936,1875658591
1877327863115,371871,3666654664,3666655983
1455095114404,271185,2841981128,2841982647
1579047078179,288751,3084074848,3084076327
1341134024960,327074,2619400984,2619402399
185794763886,97398,362878544,362880399
789659126173,214685,1542301360,1542302983
1927180830401,188881,3764023384,3764025063
1843355143837,383879,3600301720,3600303015
1017457698552,576981,1987221152,1987222071
365093685759,8215,713071576,713073607
1021468249971,428734,1995053968,1995055175
1027172921329,84594,2006195232,2006197111
1983429639837,27927,3873884024,3873886015
438989354646,995513,857400984,857401087
291710593745,8587,569745224,569747255
1975476007656,37277,3858349608,3858351583
310877318060,134627,607180480,607182263
1363204821048,682048,2662508704,2662509423
1244355365684,19906,2430379568,2430381575
870966727920,426249,1701105680,1701106895
1508971744984,547645,2947209464,2947210439
1280002214706,304530,2500002880,2500004327
1388679237584,522719,2712263112,2712264135
1865034938295,172087,3642644656,3642646367
1171162708746,201892,2287425512,2287427167
490272584672,696327,957562960,957563647
405620462217,8856,792225440,792227471
1765234754628,128708,3447722336,3447724135
1745680571375,3928,3409530328,3409532367
67925530297,769086,132666512,132667055
643384267791,319119,1256608480,1256609903
546572395407,764707,1067523656,1067524215
1696792426919,546810,3314046736,3314047711
176033022561,80575,343812608,343814503
82821965638,353152,161760296,161761655
1372929223277,301118,2681500936,2681502391
5284018578,254333,10318800,10320351
1968643203597,69339,3845004352,3845006263
128176394191,167605,250342800,250344519
1209296559533,77170,2361905448,2361907343
1137908827100,488883,2222477088,2222478183
1362873326562,60333,2661860040,2661861967
569416057640,474958,1112139624,1112140743
87860151204,320419,171600440,171601863
1448459990604,82984,2829021536,2829023423
1989764446974,171921,3886256976,3886258687
714788318209,28274,1396068944,1396070935
1367993995163,422593,2671862056,2671863271
394585661770,569462,770674192,770675127
1240014206890,66575,2421900832,2421902751
1100877361276,55952,2150149160,2150151103
1537211267628,354504,3002364408,3002365759
1838451451924,151232,3590723744,3590725495
1535957123307,501757,2999915192,2999916263
1517255152635,297620,2963387504,2963388975
885888730685,111028,1730249600,1730251431
1667789961420,150613,3257400520,3257402271
1462986004660,111021,2857392712,2857394543
446908149067,503037,872866416,872867479
1912017765056,164613,3734407976,3734409703
403503995116,487701,788092648,788093743
1589979846500,315318,3105427960,3105429391
768269957843,692527,1500526568,1500527263
1897654528175,285156,3706355016,3706356503
343073413832,136653,670063488,670065263
1047074469140,777934,2045066800,2045067327
1599975150791,49624,3124949520,3124951471
1918077097153,56413,3746242400,3746244335
215778882434,344277,421441760,421443135
1808210224092,17643,3531658584,3531660599
917933406181,138690,1792836912,1792838687
782297922102,221040,1527924016,1527925631
995808581386,671296,1944937904,1944938639
553325777759,214048,1080712784,1080714415
232348929793,246413,453804944,453806503
524755835389,30943,1024911760,1024913743
1514379845446,60294,2957771208,2957773135
1151801441791,131367,2249610400,2249612191
556531699376,113229,1086974152,1086975975
1404484764470,447748,2743133136,2743134311
532049433458,28872,1039157064,1039159055
319260820776,79106,623554400,623556295
802254720422,147537,1566901992,1566903751
357555998181,84436,698349680,698351559
1004246486882,16962,1961416912,1961418919
831785991416,225305,1624580408,1624582015
1135194350974,363292,2217175136,2217176471
1343604167386,871707,2624226544,2624226895
1686524782716,774012,3293993184,3293993719
1108779448464,7297,2165582832,2165584863
1617077591320,22906,3158352672,3158354671
423547210859,406664,827239400,827240647
1663912269388,187940,3249826976,3249828655
1094299258549,287709,2137301760,2137303239
660910872087,406053,1290840296,1290841551
457758147447,50926,894056936,894058887
1492532272140,808732,2915101632,2915102095
79484648764,181042,155241768,155243455
668938401365,42655,1306518352,1306520319
1655853812529,310784,3234088040,3234089479
370611846414,871672,723850920,723851263
1253196825402,93362,2447648184,2447650055
1952784262898,404345,3814030512,3814031767
1031910377238,241396,2015448384,2015449959
1792296044017,89422,3500576344,3500578215
832944852501,363171,1626844080,1626845415
1365484148924,189589,2666959552,2666961231
1894575206257,485578,3700341104,3700342199
336439644461,190309,657107008,657108687
1017650652453,36207,1987596960,1987598935
1709911995310,207815,3339670224,3339671871
787223856090,98831,1537544744,1537546599
791494004337,376077,1545885416,1545886727
412239565137,313632,805153968,805155407
1982732538809,362570,3872523152,3872524495
367068623878,101538,716929064,716930911
358066727346,34733,699347104,699349079
849536489885,8498,1659248928,1659250959
1494083554245,872112,2918131600,2918131943
1664639599642,822528,3251248784,3251249223
1895752673180,61995,3702640016,3702641943
1073930225116,202823,2097518320,2097519975
1107868005286,630207,2163803888,2163804703
1475429823396,204799,2881697232,2881698879
499611756798,133193,975802432,975804215
527276380053,648015,1029835904,1029836679
368690483651,5383,720096568,720098607
1715553589547,507621,3350689552,3350690607
202083451464,27572,394692248,394694247
1754162404378,251948,3426096896,3426098447
699927470697,317454,1367044416,1367045847
1175349932482,252367,2295603784,2295605343
771354675481,309756,1506550664,1506552103
1039992969963,604919,2031235408,2031236271
270195853835,1773,527724240,527726279
872752959061,31842,1704593640,1704595623
432907266386,70714,845520096,845522007
342800728305,57492,669530744,669532679
504129451544,99164,984625984,984627839
763225700711,285703,1490673712,1490675199
1729818963448,510547,3378551616,3378552663
1166666855256,89494,2278644336,2278646207
575004271473,38647,1123053248,1123055223
280751059145,359183,548340568,548341919
1726372743891,175408,3371820064,3371821767
1019660718178,22088,1991522840,1991524847
9597989656,23286,18744072,18746079
884302039642,138182,1727150648,1727152423
862176683169,370782,1683937512,1683938839
1516221843460,285408,2961369304,2961370791
1964978906699,373963,3837848112,3837849431
508239374949,120788,992653224,992655031
816594814523,5756,1594909712,1594911751
203028900909,220352,396539208,396540823
1383808879146,296646,2702750256,2702751719
1525574647807,54200,2979636048,2979637983
1893716068134,259258,3698662656,3698664199
725468357058,284143,1416928896,1416930391
1085982379207,18894,2121057328,2121059335
166972039640,37291,326115296,326117271
800676906707,519225,1563821056,1563822087
1279730426334,30377,2499471504,2499473495
1075609947117,322140,2100799264,2100800679
436713604803,662965,852955512,852956263
303854725144,41344,593464296,593466263
322794251363,344161,630456152,630457527
1757624242505,883830,3432859528,3432859855
188638864296,104855,368433440,368435287
518863306114,235275,1013403312,1013404895
1207427874766,10511,2358255544,2358257567
59758508473,241232,116714264,116715839
2019000342863,101023,3943358200,3943360047
981078162363,101809,1916166440,1916168287
1496460946294,27554,2922773296,2922775287
732035846041,200004,1429755856,1429757511
1946567715056,158369,3801888336,3801890071
1920215207861,345981,3750418960,3750420327
727628504833,422268,1421148208,1421149423
1908290544191,618942,3727129136,3727129975
791453737851,151381,1545806336,1545808087
1828590643466,556604,3571465144,3571466103
945513932786,44235,1846704944,1846706903
675280795561,708902,1318907144,1318907807
1240681638322,263321,2423204792,2423206327
1336617400359,650762,2610580088,2610580863
546950207524,142920,1068260360,1068262127
1800432688899,228421,3516468496,3516470095
346088124483,389022,675952080,675953375
666713788268,99438,1302173520,1302175367
1386762400870,387574,2708519024,2708520319
1649812166471,274937,3222287880,3222289391
634516448588,550550,1239288968,1239289943
39786858896,194467,77707048,77708711
274564458416,82879,536256824,536258711
1678153377656,27150,3277641328,3277643319
1843071775233,209356,3599747928,3599749567
1988269870265,236760,3883338008,3883339591
328100379881,372734,640819736,640821055
1482825245414,50799,2896141112,2896143063
1204558168534,502433,2352651608,2352652679
1391465734139,322779,2717705096,2717706511
75699968404,486271,147850408,147851503
1529888918999,161129,2988062568,2988064295
1201021752634,520262,2345744584,2345745615
767228448101,246648,1498491504,1498493063
456463996014,592258,891530352,891531247
954464522532,4886,1864186488,1864188527
1755337638284,319759,3428392408,3428393831
1917088508965,409163,3744312248,3744313495
494058773064,641228,964957752,964958543
1392866838779,262506,2720441512,2720443047
706220125762,17368,1379334176,1379336183
229345981483,22269,447939368,447941375
1456077498912,277332,2843899864,2843901367
942579887561,13309,1840974328,1840976343
1212947910782,530166,2369037880,2369038895
1645657253425,702366,3214173648,3214174327
1233511729791,415120,2409201368,2409202599
1167368133645,663435,2280015136,2280015887
745588232284,342372,1456225640,1456227023
1458776418446,181335,2849171000,2849172695
1168758071494,814075,2282730152,2282730615
1300004018206,558848,2539069392,2539070351
497297179924,27454,971281568,971283559
1247381547184,642177,2436291296,2436292087
1691286205875,127592,3303291576,3303293375
100094958069,8201,195495936,195497967
187543695216,45118,366294320,366296279
1490278504973,319412,2910698784,2910700207
1856191343461,129568,3625371928,3625373719
1973371024629,650339,3854239512,3854240287
238019312559,64311,464879552,464881471
1575089700490,434357,3076345872,3076347071
460894938864,26093,900183432,900185431
128630235377,283700,251229440,251230935
1428909610109,1285,2790837040,2790839087
1839007904128,185955,3591810632,3591812319
305312458378,968321,596313240,596313399
954559119243,166252,1864371560,1864373279
364269776984,727528,711463784,711464415
1500166658150,416580,2930011776,2930013007
337811348561,434549,659786592,659787791
431229853393,181630,842244120,842245807
1160250368366,230274,2266112408,2266114007
1767461560621,160342,3452071632,3452073367
148868105408,327689,290756616,290758023
742148294777,243172,1449506816,1449508391
7839924288,142240,15310584,15312359
696251427312,758531,1359865504,1359866071
176378052035,182694,344486696,344488383
879420928664,53493,1717617064,1717619007
1009837026774,226371,1972336344,1972337943
771809056416,264525,1507438032,1507439567
1418077329171,161349,2769680552,2769682287
1424615072315,64376,2782449392,2782451319
234496472890,4872,457998888,458000927
1478548008690,99779,2887787232,2887789079
235933958723,786153,460808008,460808519
1333256589207,182448,2604015088,2604016775
799397519101,109184,1561321448,1561323279
363672708065,16983,710296248,710298263
580300499350,120055,1133397600,1133399415
1323548544929,740562,2585055152,2585055751
1098689285441,26613,2145875520,2145877511
1908643308725,324414,3727817552,3727818967
907858240923,644611,1773159840,1773160631
750397148897,713592,1465618784,1465619431
2011099303955,220514,3927926712,3927928335
808864827805,575052,1579813192,1579814119
1789852162503,159410,3495803272,3495805007
1552648179200,332252,3032514576,3032515975
1199000756830,66146,2341796440,2341798359
685764426748,470167,1339382520,1339383647
793586568814,535322,1549972768,1549973767
58658231974,1797,114564816,114566863
1893224736014,127314,3697702768,3697704567
1027929501098,26335,2007672816,2007674807
1016295860446,186413,1984951176,1984952855
2022547685959,298149,3950286984,3950288455
48282701081,17923,94300144,94302151
690324746768,230324,1348288928,1348290527
2007134811737,612795,3920184336,3920185183
1026467754060,118620,2004818016,2004819839
1926804213632,10559,3763287456,3763289479
1269762343594,130717,2480002792,2480004583
656926963648,468943,1283059344,1283060479
1767384530931,164161,3451921192,3451922911
1877816071840,292717,3667608040,3667609519
848664051891,40634,1657545008,1657546983
2023865825151,28447,3952860952,3952862943
1341845073582,508783,2620790112,2620791159
1320846117069,506094,2579776520,2579777575
867437180989,720690,1694212608,1694213247
1476566508306,841084,2883918560,2883918967
1759290452068,583516,3436113256,3436114167
1638331688337,49580,3199864632,3199866583
1132297787108,233273,2211517528,2211519119
641158831483,294988,1252261872,1252263343
527264633334,5873,1029811704,1029813743
731001857535,50823,1427736056,1427738007
526116561765,206984,1027569768,1027571415
1286328758890,579526,2512359944,2512360863
1351572885317,292890,2639789320,2639790791
1457508581132,14990,2846694432,2846696447
775023732660,815331,1513717776,1513718231
1779574342189,435784,3475729944,3475731143
1598507384648,13766,3122082720,3122084735
599240334856,384652,1170389984,1170391279
1317859386935,371045,2573942792,2573944119
154421269852,200294,301602392,301604047
1587754679106,95980,3101081504,3101083359
1251066352743,370918,2443487648,2443488975
1070164551292,273436,2090163632,2090165143
217977814831,59822,425735992,425737919
1736216909442,5397,3391046616,3391048655
1239174401208,499401,2420261432,2420262503
235231232171,45077,459434048,459436007
1713035075659,173242,3345769928,3345771639
1396395329306,21316,2727332624,2727334631
56555740014,12680,110458408,110460431
609593217396,310114,1190610312,1190611759
215950316700,594029,421777080,421777967
1442561962235,777219,2817503304,2817503839
179264889539,513276,350125696,350126743
33014288809,697924,64480352,64481039
1236715723019,408849,2415459152,2415460399
1697448700131,117375,3315327680,3315329495
697666564631,449632,1362628840,1362630015
1497832646230,85108,2925452512,2925454391
1239666768919,377208,2421222848,2421224159
321772915775,457854,628461576,628462727
149597820589,323507,292181832,292183247
1235288711748,251732,2412671712,2412673271
709618171191,95877,1385971136,1385972991
92192544486,176057,180061864,180063567
1892134660384,227058,3695573912,3695575511
411109713456,144508,802946896,802948663
798259963874,194529,1559099824,1559101495
1254822376728,373786,2450823640,2450824959
921610945799,303249,1800019928,1800021383
1549792097350,469512,3026936560,3026937695
1311679921928,148526,2561873096,2561874847
750006050190,103749,1464853728,1464855567
889375087206,72612,1737058816,1737060719
206770475137,101218,403846736,403848591
1305965605646,419718,2550712848,2550714079
165400363405,139808,323045816,323047591
1646373935307,3025,3215572056,3215574095
1397300516820,928135,2729102344,2729102575
1321468124086,215003,2580990808,2580992431
1523029601769,97586,2974665336,2974667191
1642262154125,252213,3207541720,3207543271
798633399403,740019,1559830256,1559830863
660380811827,121721,1289804464,1289806279
1116087243363,744928,2179857312,2179857903
575827617162,530309,1124662304,1124663319
2022693971236,10794,3950572136,3950574167
1532693808029,369109,2993541272,2993542599
556455806864,210143,1086826112,1086827751
378689450026,21078,739625832,739627839
160604808711,429995,313680064,313681271
978240039528,336044,1910623688,1910625079
443833641435,786088,866862072,866862583
843694494114,624809,1647839984,1647840815
455640409967,223344,889921064,889922679
861257454648,341616,1682142088,1682143471
962469836341,73859,1879822000,1879823903
641551218995,466217,1253028592,1253029727
269355313994,261814,526083064,526084599
623442112498,147097,1217658616,1217660375
809143634389,76365,1580356768,1580358663
263261995873,206771,514181944,514183591
1087988463421,166799,2124975752,2124977471
1610021728602,673584,3144572960,3144573695
1437317402426,125566,2807258752,2807260551
1764437080033,48599,3446164224,3446166175
1471716441106,363576,2874444840,2874446175
1034271382160,176357,2020059592,2020061295
810827171863,456267,1583645664,1583646823
345928374456,189833,675639680,675641359
1130728208580,132965,2208451752,2208453535
1336171452163,93049,2609708008,2609709871
1207971585218,448347,2359318336,2359319503
903205474056,15366,1764071176,1764073191
405278289225,102199,791557312,791559159
1931483520214,18703,3772426744,3772428751
330214331054,122247,644948064,644949871
44441282022,4857,86797344,86799383
692219899657,549753,1351991024,1351991991
1791448339104,223173,3498920928,3498922543
1620155869734,731708,3164366320,3164366935
1172687496583,787846,2290404760,2290405271
1911268980923,502033,3732946168,3732947231
1773216129177,65336,3463310832,3463312759
587010448428,55968,1146502848,1146504783
57196351925,195150,111709960,111711631
1838568552329,884074,3590953888,3590954207
2037670886687,64873,3979824032,3979825951
148028619513,201041,289116744,289118399
1994462392525,233486,3895432776,3895434367
139603464654,732153,272662400,272663023
1064446465934,102509,2078995160,2078997007
1837313611402,911597,3588502880,3588503151
340596778513,70375,665226176,665228087
1523632481835,42592,2975842728,2975844695
847914458330,110367,1656081096,1656082927
2017310767374,142812,3940058328,3940060095
1330784772396,194954,2599187344,2599189015
396766758858,525961,774934056,774935079
361716686431,358166,706476560,706477903
964219488188,655955,1883240424,1883241191
97317474688,140675,190071424,190073199
480228063231,178153,937943736,937945439
1208865534375,73762,2361063600,2361065503
430956203552,252,841709288,841711335
298492446525,107720,582991224,582993063
706322702271,109194,1379534696,1379536527
1888238753247,51930,3687964376,3687966319
411115063973,218926,802957496,802959111
294965321623,230022,576102552,576104143
1767065489769,664508,3451299040,3451299791
18692004365,210516,36506192,36507823
1881318227902,62321,3674447744,3674449663
942163403540,191790,1840161232,1840162903
1197230659568,76287,2338339240,2338341135
498013241098,31688,972680128,972682111
1751891844610,55090,3421661824,3421663759
754627051166,428543,1473879752,1473880959
1026010133706,480753,2003924936,2003926047
967756170156,214819,1890147144,1890148775
1625543158813,728607,3174888360,3174888983
996025090957,64872,1945359592,1945361511
1011442293937,733046,1975472616,1975473231
1032165764302,418201,2015947528,2015948759
1890199834095,195947,3691794888,3691796551
1256149044053,93994,2453414240,2453416103
597456285618,187273,1166905128,1166906807
1144587839304,672398,2235522392,2235523127
1486644221296,54746,2903600056,2903601999
1015986858163,25430,1984347336,1984349335
1960954565322,586733,3829988488,3829989391
1189496242748,28092,2323232856,2323234855
1609917597741,136885,3144368528,3144370311
1119217614682,64852,2185969984,2185971903
878512387431,490974,1715843424,1715844511
2042706054034,391795,3989658984,3989660263
46996966026,203867,91789304,91790951
1371853955635,453295,2679401096,2679402263
1668981574672,242968,3259728072,3259729639
246133853002,426508,480728968,480730183
1835656309750,461041,3585265088,3585266231
214531360110,413424,419005328,419006567
1934122463944,59765,3777581008,3777582943
938848138598,67734,1833685856,1833687775
1096701122166,517662,2141993344,2141994383
147322975143,774368,287739656,287740191
1347557866731,427228,2631947752,2631948959
1688955485518,132100,3298739400,3298741183
1193217109624,750300,2330501592,2330502167
550984697291,394843,1076140712,1076141991
472817119058,833758,923470520,923470935
475215757712,51923,928153832,928155783
992708817280,149123,1938882656,1938884415
586019940186,434046,1144569000,1144570199
47070515153,601059,91933728,91934599
1279778766091,19905,2499565896,2499567903
597010477589,486,1166034048,1166036095
1526188882608,89093,2980835792,2980837663
1921424051821,155020,3752779608,3752781351
1257392353896,802948,2455843968,2455844447
525486067908,235337,1026338392,1026339983
196862693812,301547,384495992,384497455
660251625497,381016,1289552656,1289553959
1310769900107,283333,2560095968,2560097463
127655155629,218926,249324856,249326479
1742925420605,7490,3404149184,3404151215
19767671097,426779,38607520,38608735
772018387764,349078,1507847048,1507848415
632070841547,608593,1234512504,1234513367
1952397047214,538135,3813274488,3813275487
1263525343993,251972,2467821384,2467822943
1934709816201,2944,3778728072,3778730111
1883293224892,555807,3678306120,3678307079
874593619782,210294,1708189032,1708190663
1353632588456,195445,2643811984,2643813655
1235780776037,815695,2413633880,2413634335
1875688293840,242427,3663452128,3663453703
1834221495781,18613,3582461848,3582463863
238986968862,3070,466769384,466771423
591929186061,509449,1156110640,1156111695
380870089327,749338,743886312,743886895
793741030171,40491,1550273488,1550275455
1893812279643,276964,3698850608,3698852111
2032690975497,138559,3970097792,3970099567
1742144419385,301811,3402624368,3402625823
215643054893,957919,421177672,421177847
262911591006,5002,513497168,513499207
1358277724834,132411,2652884392,2652886183
1032126797439,206376,2015871008,2015872655
781675270978,49076,1526707568,1526709519
1672763770453,30828,3267114752,3267116743
1797518315535,37480,3510775992,3510777967
1485117115389,366392,2900618040,2900619367
2033224150180,325365,3971139512,3971140919
93467662055,340702,182552648,182554031
1088038553347,27684,2125073312,2125075303
1700247140121,647616,3320794416,3320795199
1116775477599,320029,2181200688,2181202111
491843109306,43865,960629112,960631079
524837503246,208890,1025071616,1025073255
1838458580334,565910,3590738480,3590739415
1408508706852,9112,2750991544,2750993575
531793197946,19354,1038656584,1038658591
527317446953,203920,1029915240,1029916895
531395148271,117765,1037879336,1037881151
705215429234,630312,1377373072,1377373887
917257552717,59141,1791516728,1791518663
832582199892,160720,1626135376,1626137111
484914824598,37037,947097296,947099271
1317642424811,10247,2573518336,2573520367
1717675494498,71904,3354833048,3354834951
1472330842615,820037,2875645736,2875646183
1897606422869,1737,3706260504,3706262551
1105010979518,96209,2158222712,2158224575
120079394616,8526,234528040,234530071
1013367123018,213294,1979231032,1979232663
543197732695,120196,1060931264,1060933071
436344455251,64060,852233344,852235271
1149499943792,202758,2245115432,2245117079
946962385896,26087,1849533920,1849535911
1098018414091,710578,2144566560,2144567215
1330588097195,74279,2598802976,2598804879
146929250176,211615,286969560,286971191
2030696267773,236551,3966202064,3966203647
761732111770,909561,1487757760,1487758031
992169590593,95974,1937829376,1937831231
47104874632,165193,91999984,92001711
1061522781917,290004,2073285208,2073286687
1728501242465,156453,3375977248,3375978991
492928263920,295741,962749048,962750519
690502942713,522808,1348637536,1348638559
204717599675,81056,399837176,399839063
1113427786570,71222,2174661744,2174663647
1410339407859,433547,2754567960,2754569159
1879349658078,174165,3670603096,3670604807
1255549742377,45366,2452243632,2452245591
1412580459688,446713,2758945040,2758946215
985678612399,132319,1925151752,1925153543
783848817127,303848,1530953272,1530954727
606220292560,318995,1184022584,1184024015
215422816988,212061,420746056,420747695
1702823132787,95718,3325824576,3325826431
1339042305825,318441,2615315584,2615317007
1099098006292,217662,2146674176,2146675799
273913587864,232193,534985888,534987479
744754763861,148709,1454597392,1454599151
1969134626271,274922,3845964560,3845966071
1178068314522,180239,2300912984,2300914679
1797554138126,75584,3510846032,3510847927
615099599394,74298,1201364504,1201366407
1733723627000,26955,3386176968,3386178959
553796196198,9290,1081631168,1081633199
574136953437,23482,1121359240,1121361239
845885521486,20548,1652118152,1652120159
1356849428444,45971,2650094584,2650096543
1759223323772,223744,3435981448,3435983055
1682000023397,61766,3285154376,3285156295
1338844011960,195955,2614928048,2614929711
1950438249391,146669,3809447952,3809449711
1739478068653,313630,3397416672,3397418103
1646263970071,36014,3215357344,3215359319
1809349540111,521240,3533884792,3533885823
485132894287,538302,947524192,947525191
1252690728885,571921,2446660656,2446661583
526440559949,164766,1028202496,1028204223
167287386867,83461,326731296,326733183
255961654642,703434,499924440,499925111
1075891228128,570715,2101349128,2101350055
375191888291,521477,732795632,732796663
1407456512747,186049,2748936824,2748938503
880741821073,686930,1720198168,1720198871
1599634727147,214165,3124284952,3124286583
647813082676,65772,1265258008,1265259927
1661070963617,3218,3244277192,3244279231
1064042720533,530015,2078207432,2078208439
1718314372698,155930,3356081016,3356082759
1278002798593,199553,2496097560,2496099223
328960496313,317373,642499544,642500975
569505953481,193139,1112314648,1112316319
243633492930,209805,475845032,475846671
404716972692,1721,790460800,790462839
1014974891589,70184,1982370928,1982372839
1584790563830,148795,3095292320,3095294071
1074529629750,2444,2098688640,2098690687
1508367150597,112299,2946027768,2946029591
1394869128278,80816,2724351880,2724353767
1407845548563,117029,2749696520,2749698343
389084761645,61786,759929248,759931175
1837068596890,224393,3588023000,3588024607
784513753546,112695,1532251600,1532253431
1211857128606,85735,2366906576,2366908455
1421503576327,279857,2776372672,2776374175
1609684040040,19258,3143912136,3143914143
1316657691181,43402,2571595096,2571597055
100858485826,59972,196987304,196989231
1757013101425,223391,3431664608,3431666215
1673798575599,49229,3269135896,3269137847
407447753636,756471,795795824,795796399
156420707861,23566,305507200,305509199
473574306316,161060,924948088,924949823
239633539594,238472,468032680,468034263
1417873239178,102805,2769281824,2769283671
212654919236,108492,415339808,415341639
1901026876291,21993,3712941120,3712943119
1311193840934,83378,2560923592,2560925471
671631346524,402694,1311778720,1311779975
1232001703568,24989,2406251336,2406253327
525925861270,35609,1027196976,1027198951
1453207125737,38654,2838293200,2838295167
537592572152,600625,1049984624,1049985495
1443930167842,307270,2820174664,2820176111
1358344582518,506334,2653015704,2653016767
1755228264010,444666,3428179024,3428180207
1183472743531,25443,2311468208,2311470207
1788886159738,472,3493916240,3493918287
360877571841,68399,704837096,704839007
632150827644,465940,1234668448,1234669591
361170216676,2333,705408544,705410583
801474329753,228841,1565377952,1565379551
387980538303,524344,757773472,757774495
1633924165433,194838,3191256472,3191258135
204647182761,594,399699488,399701535
280202601834,562536,547269760,547270711
487120277993,174313,951405088,951406799
1166698484363,516666,2278706944,2278707983
405265178043,312184,791532120,791533551
218370265652,105564,426502584,426504431
1425796656263,491229,2784758008,2784759095
115304661912,192759,225202752,225204423
1511838839746,377825,2952808928,2952810239
1015254713838,298379,1982917904,1982919367
1625543104485,290860,3174887400,3174888879
660310911892,391615,1289668472,1289669751
946403547951,764692,1848443880,1848444431
1244826463519,204863,2431300040,2431301687
551600631574,26668,1077342992,1077344983
1073444800629,202345,2096570224,2096571879
370118360536,2323,722885384,722887423
1168872377168,481238,2282952760,2282953863
729984239109,87761,1425748592,1425750471
765932910482,233067,1495961128,1495962719
1345218247103,83527,2627377512,2627379391
536414589101,648529,1047683968,1047684751
1017575516463,411952,1987450944,1987452183
862894858802,54478,1685339584,1685341527
1560726324154,40715,3048291640,3048293607
1609472863864,337652,3143500304,3143501687
51070843303,492971,99746656,99747743
123831566137,28826,241856536,241858527
290365600393,153895,567118568,567120319
481660220551,79506,940740728,940742623
311145887330,289860,607705336,607706815
1783205922217,119237,3482822256,3482824071
1993622389271,350488,3893792368,3893793735
1419517174426,306893,2772493040,2772494487
1154962769223,69355,2255784752,2255786663
1918245177778,65885,3746570696,3746572615
2014038002282,805422,3933667504,3933667975
1679233459513,487645,3279751760,3279752855
445441110443,192843,870000504,870002175
117376432679,107300,229249008,229250847
957112830921,6136,1869358968,1869360999
909897941683,703356,1777143744,1777144423
2028729906626,259455,3962361560,3962363103
100765728280,235604,196806480,196808063
412861547741,31076,806368224,806370215
525425221547,88391,1026219264,1026221135
1412763873106,409444,2759303192,2759304439
224334420451,261874,438151632,438153167
771182969651,70553,1506214832,1506216743
329461403743,516622,643478272,643479311
1296496693322,4562,2532218072,2532220111
413056806369,103697,806749736,806751575
1443104282946,71120,2818561144,2818563055
61733816801,23233,120571864,120573863
226852276427,390508,443069568,443070855
1630813068926,666256,3185181032,3185181775
600323045396,682160,1172505240,1172505951
1808147729162,119012,3531536720,3531538535
343562848468,6821,671019160,671021191
559479948333,592704,1092733384,1092734279
1394398501816,40199,2723432608,2723434575
1128328560817,304410,2203765272,2203766727
1372836296748,2928,2681318856,2681320895
1040670686312,34624,2032557960,2032559935
997532502792,714430,1948305024,1948305671
792580327684,225222,1548006848,1548008455
1236904185769,57848,2415826560,2415828487
1420404111461,476208,2774225664,2774226783
956612763303,30748,1868382320,1868384303
1557090950376,325929,3041191856,3041193263
172043250454,80822,336020088,336021975
1659796342766,83243,3241787848,3241789735
1581326067838,190720,3088525808,3088527479
1743522717164,13451,3405315792,3405317807
882523770109,287055,1723677752,1723679239
1762965507261,141366,3443290240,3443292007
1717872480062,310884,3355218248,3355219687
726040673021,209784,1418046552,1418048191
1516494380284,212169,2961901456,2961903087
1010380157453,327132,1973397336,1973398751
1774749464352,615630,3466306704,3466307551
219146511951,557464,428019576,428020535
1981182538615,63358,3869495224,3869497151
595275307346,75684,1162645192,1162647087
1059013445146,671916,2068384904,2068385639
262309925963,8875,512322048,512324079
2090207986,2925,4080400,4082439
494484479890,117427,965788184,965789999
1031250389234,500253,2014159848,2014160919
1411794184759,157387,2757408784,2757410519
193522133538,650156,377972144,377972919
679776025037,9416,1327685520,1327687551
1731663226418,476312,3382153624,3382154743
1193173922861,240618,2330416248,2330417823
1051979257818,586571,2054646088,2054646991
49690529758,33735,97049840,97051815
19907792021,862815,38882048,38882407
599702216291,29183,1171291408,1171293391
109250961999,524894,213379768,213380791
1279916013653,151977,2499834216,2499835967
371865782424,491113,726299272,726300359
1785890583295,643220,3488066760,3488067551
1814866048494,20223,3544658248,3544660255
501595324342,514077,979677328,979678367
1820272419472,224773,3555217968,3555219575
1535092744409,496658,2998226944,2998228023
468759715425,598301,915545440,915546319
708993799693,5583,1384751480,1384753519
1191794679868,59284,2327722056,2327723991
1138860095811,67653,2224334216,2224336127
1072414101015,10156,2094556768,2094558791
1600259257897,209320,3125504728,3125506367
1217184546431,360701,2377312224,2377313567
1335526571299,66734,2608448424,2608450335
314051260231,136698,613379592,613381367
235043790439,64173,459067984,459069903
52006338694,307489,101573440,101574887
310258464005,25245,605971568,605973567
1441525099969,797911,2815478224,2815478711
163959939147,190414,320232584,320234263
1270740149257,119707,2481912544,2481914359
1431290715722,19944,2795487672,2795489679
1543921943936,15051,3015470536,3015472551
36261779551,610921,70822936,70823791
1369545641425,309707,2674892392,2674893831
1657367401634,387429,3237044416,3237045711
1532200561591,579576,2992578312,2992579223
554117229173,3213,1082258176,1082260215
265879732722,865503,519296000,519296359
594719862010,89187,1161560360,1161562231
1945092144333,565304,3799007152,3799008095
1621803970750,321587,3167584464,3167585887
1251624858693,315477,2444578376,2444579807
1420617989818,360075,2774643168,2774644511
1026213008642,512514,2004321240,2004322287
1094037325301,630151,2136790840,2136791655
916530876147,20093,1790097360,1790099367
1698769224751,374213,3317907328,3317908647
582068548733,6449,1136850600,1136852639
949389740998,29823,1854274856,1854276839
1120666178838,242726,2188799560,2188801135
305621053060,94169,596914256,596916119
66237001185,27152,129367152,129369143
1164092548859,25581,2273616264,2273618263
840703818752,67608,1641997736,1641999647
597111249882,5791,1166230880,1166232911
367155004880,126939,717097824,717099623
368375986031,4643,719482312,719484351
986458414775,372238,1926675272,1926676591
588931492606,162431,1150255096,1150256823
664053334272,265410,1296977640,1296979175
1445155944788,364158,2822568872,2822570207
822642202836,44001,1606721096,1606723055
1674323282084,211313,3270161032,3270162663
1986700646068,233097,3880273112,3880274703
389134100995,28061,760025552,760027543
1651319597386,26042,3225231592,3225233591
1908502212382,8594,3727541360,3727543383
337600348576,38211,659373712,659375687
482977853214,363618,943314784,943316119
410135481678,341670,801044488,801045863
1363946592343,103362,2663956344,2663958191
313430171273,1701,612166264,612168303
16746678035,418073,32707128,32708359
591488552809,730921,1155250464,1155251079
373599111337,748143,729685184,729685767
1405004942086,24586,2744148280,2744150279
320650267405,467539,626268920,626270055
1713401807159,932028,3346487680,3346487911
1415642546055,640794,2764926056,2764926847
798507321666,68302,1559582704,1559584615
661227548786,554446,1291459096,1291460063
742861285985,501006,1450899880,1450900951
1654867628955,315251,3232161912,3232163343
1233416300087,717252,2409015568,2409016215
547296126463,14917,1068935736,1068937751
1649813569249,231178,3222290536,3222292127
686850442387,179516,1341503080,1341504775
1749026509101,41744,3416065440,3416067407
1439901126389,259654,2812305352,2812306887
711020556209,109655,1388710192,1388712023
597048605845,1224,1166108520,1166110559
665776327257,585255,1300343488,1300344391
832933312226,200287,1626821224,1626822879
353891931308,5197,691193144,691195183
814115441166,552802,1590068256,1590069223
1435937691250,543468,2804564824,2804565807
1095653134488,235961,2139945944,2139947535
1925330267259,433884,3760409480,3760410679
1251671090996,157354,2444668360,2444670103
1083633261971,356708,2116469864,2116471215
45627459052,26447,89114136,89116135
296362454971,34390,578830944,578832919
1258315389856,7447,2457645216,2457647247
92109653453,843723,179901272,179901671
588347713523,30030,1149114640,1149116631
737350051020,191221,1440135144,1440136823
1555202131119,775415,3037503632,3037504167
1108872572311,604821,2165765880,2165766743
927049878537,106488,1810642456,1810644295
1706903364316,74745,3333793736,3333795639
20104362145,145594,39264576,39266335
1150673391054,406645,2247407720,2247408967
1053652499559,346791,2057913672,2057915039
1319844004238,236999,2577818736,2577820327
1090786764193,349497,2130441536,2130442903
306535591925,105808,598700488,598702327
870716305248,923006,1700617544,1700617783
1839543359607,31825,3592856144,3592858127
1737880445974,427562,3394296536,3394297751
336999528404,20267,658200200,658202207
1565627342354,287532,3057864424,3057865903
1186958853194,12920,2318276992,2318279015
2006629157289,235734,3919195992,3919197575
116523904870,13542,227583736,227585751
658473474738,168549,1286079288,1286081007
358264440712,334183,699733848,699735239
537539068747,686276,1049880288,1049880999
1370387823699,191830,2676537048,2676538719
2024536766671,374599,3954172064,3954173375
1718075109735,225977,3355613848,3355615455
1920133707547,535591,3750260152,3750261151
1842380178978,235508,3598397200,3598398791
1021438330397,76895,1994994848,1994996743
1791690407715,112907,3499393504,3499395327
634166653488,328900,1238605344,1238606751
1316203005149,60510,2570707072,2570708999
1549776943990,249044,3026906536,3026908095
54496134741,16459,106435752,106437767
850031467474,4549,1660215672,1660217711
700098421912,753585,1367379160,1367379735
1786022592435,171397,3488323664,3488325375
992488487426,178472,1938452384,1938454079
943224067629,22265,1842232504,1842234511
1250525483297,39925,2442430616,2442432591
1805136607587,394510,3525656160,3525657439
42661740298,313664,83322280,83323711
768475480346,138726,1500926896,1500928679
1301636454007,556914,2542257744,2542258703
618453508063,451274,1207915848,1207917007
99955171696,428402,195223736,195224951
1785369917347,334417,3487049232,3487050623
593464380687,976001,1159109984,1159110119
1825590926429,566138,3565606336,3565607279
1817979762253,5081,3550739688,3550741727
44210408455,12279,86346432,86348455
572605350034,782403,1118369312,1118369831
1206258357358,402226,2355972096,2355973359
1257607201003,408677,2456262816,2456264071
1079855765125,134800,2109091512,2109093295
1568708362424,710081,3063882864,3063883527
261794145859,90497,511314824,511316695
455194550373,887559,889051544,889051863
225194034141,215663,439830472,439832103
1513446324359,204107,2955948208,2955949855
1549136028667,670464,3025655568,3025656311
1853393527927,761504,3619908680,3619909239
1112149469422,85961,2172165056,2172166935
1318938628172,11804,2576049984,2576052015
1596109401965,84547,3117399296,3117401175
2009494020548,383231,3924791712,3924793015
1494145606030,118911,2918251328,2918253143
1914565523480,159416,3739384056,3739385791
1516099249618,135799,2961129568,2961131351
1541330241246,62589,3010408704,3010410631
688315069081,16558,1344363360,1344365375
998729279459,187087,1950641448,1950643127
576367296248,195181,1125715712,1125717375
839307941028,405,1639271280,1639273327
1493253033094,544559,2916508848,2916509831
822071531138,187041,1605606784,1605608463
1840784796695,352312,3595281448,3595282807
2027732341364,585424,3960413832,3960414735
86473927174,540854,168893400,168894391
1941062334857,63239,3791135456,3791137375
326027672691,127562,636771000,636772799
1580083648650,50959,3086098928,3086100879
1459807269213,7000,2851184040,2851186079
944659168905,100618,1845035592,1845037439
77634204163,105306,151627464,151629311
92460873893,191282,180585976,180587647
2031896731169,244495,3968546736,3968548303
1758504892482,243004,3434578296,3434579871
2027972120183,576943,3960882128,3960883047
1038577744567,111462,2028470328,2028472159
104277857140,618434,203666856,203667695
1107329597222,807296,2162752656,2162753119
1052801844740,5776,2056251568,2056253607
469889995197,269100,917752376,917753903
475724175620,171246,929147072,929148783
1802450703363,111883,3520409704,3520411535
74255876481,82790,145029128,145031015
448441053656,140507,875859664,875861439
821018433020,513739,1603550584,1603551631
1474139328680,313617,2879176944,2879178383
786059001516,76217,1535269592,1535271487
378147836379,90060,738568128,738569999
270867848626,219743,529037152,529038767
706538220284,11509,1379955440,1379957463
166935012938,134470,326043168,326044951
1057212793315,360755,2064867400,2064868743
1531921974938,210983,2992033472,2992035111
1335420159526,8924,2608240472,2608242503
476448299549,103291,930561240,930563087
1982118273159,156329,3871323016,3871324759
1893194961307,351409,3697645048,3697646415
938202461767,767852,1832426136,1832426687
790000892186,71086,1542968584,1542970495
1216784594910,684229,2376531704,2376532415
894209607903,78417,1746501248,1746503143
1772944136391,1021876,3462781472,3462781519
741737416122,909253,1448705624,1448705895
625087739949,241749,1220872920,1220874495
1334047185568,282997,2605559416,2605560911
1453481008473,731791,2838829480,2838830095
1354680206495,412162,2645858536,2645859783
387232155854,16855,756310792,756312807
1460164842004,165900,2851882736,2851884463
1220552520867,145013,2383889880,2383891647
43477366556,169750,84915016,84916735
329494354656,531477,643542656,643543663
290716751957,75361,567804256,567806159
783766245014,625125,1530792624,1530793447
1468247579549,78384,2867669160,2867671055
856911074913,17773,1673652432,1673654447
1913970447865,12673,3738221512,3738223535
1290200457261,85512,2519920888,2519922775
975046583912,96284,1904386000,1904387863
1151108313966,708232,2248257768,2248258431
1716499173004,151917,3352535696,3352537447
637145108754,834356,1244423624,1244424047
1908034510314,630101,3726629088,3726629903
1880870542857,62732,3673573360,3673575279
1705181964245,79658,3330431632,3330433527
900668786849,464682,1759117584,1759118727
1747085101586,276090,3412274088,3412275591
1518012720727,170553,2964866888,2964868599
836588523666,209293,1633960328,1633961967
1208103450690,681918,2359576344,2359577055
1063772323389,392081,2077679040,2077680319
1949846387472,11734,3808291704,3808293727
1922050264314,12189,3754002400,3754004423
952165193354,345149,1859696272,1859697647
1719883466024,597250,3359146520,3359147399
302512069200,84980,590842008,590843887
1993802956588,81898,3894144512,3894146399
917855784033,74285,1792685176,1792687079
1195111365040,115091,2334200064,2334201887
209141417806,163574,408477608,408479335
1412332932103,238635,2758461184,2758462759
521749284495,87268,1019039696,1019041575
321999402753,169326,628903368,628905087
1802168814227,30249,3519858984,3519860967
1568641041527,327086,3063750632,3063752039
871566625911,533918,1702277568,1702278567
474229023156,323403,926227152,926228567
847928733056,396987,1656109536,1656110807
2036550093063,615546,3977636056,3977636903
85371749187,151106,166739952,166741703
1066703214988,884311,2083404400,2083404719
847649497693,148977,1655563672,1655565431
1534587646285,222318,2997239888,2997241503
1075749638988,128906,2101071720,2101073519
1265864357367,256850,2472389784,2472391327
1847924477731,4149,3609225456,3609227495
1584217058371,9740,3094171920,3094173943
543414650316,908007,1061356472,1061356743
1926152866480,110725,3762015488,3762017319
185651002512,47481,362597664,362599615
1054947644076,203741,2060442968,2060444623
1912007802667,137658,3734388464,3734390239
1102172413702,3464,2152678456,2152680495
666542600934,141177,1301839248,1301841023
426766647321,320000,833527192,833528615
364080277437,43291,711092336,711094295
1025660304710,239714,2003241208,2003242783
533770596648,8138,1042518672,1042520703
1472281111368,462006,2875547904,2875549047
634482752728,331721,1239222728,1239224127
540352666588,147823,1055374544,1055376303
1288104209027,143190,2515826768,2515828535
36481224095,724777,71251760,71252391
131688562558,273528,257202712,257204223
1296373409901,80475,2531977432,2531979319
905777795253,237719,1769095680,1769097263
1397315129761,579401,2729130200,2729131119
1070820428933,241458,2091444576,2091446151
581811144174,6001,1136347856,1136349895
1407348980191,384836,2748727184,2748728479
291951798372,41964,570216392,570218359
1458298265354,120044,2848236992,2848238799
182531334542,233167,356504928,356506519
669777375159,90393,1308157072,1308158935
1368352654260,64063,2672561856,2672563783
1911169323009,50432,3732750640,3732752591
755899771917,648373,1476365968,1476366743
1704203753367,20485,3328520952,3328522959
1423028009290,48368,2779349632,2779351583
1253281349886,349527,2447813776,2447815143
95492844073,156507,186507720,186509463
73052270921,361726,142678880,142680223
1069863980313,50451,2089576144,2089578087
1190917625681,743778,2326010400,2326010991
1163810769455,31830,2273065928,2273067911
1217844599608,20502,2378600728,2378602735
1522174435091,494702,2972995864,2972996943
1641124149843,447308,3205319432,3205320607
956608124421,37445,1868373272,1868375247
928755928286,308879,1813974984,1813976423
184224748485,676015,359813240,359813967
159353521104,120119,311235536,311237351
1909943280922,37158,3730356000,3730357975
751844479366,298777,1468444792,1468446255
1547520569673,502317,3022500048,3022501119
1586149260097,642940,3097946984,3097947775
778144880074,887247,1519813904,1519814223
1415794571428,789,2765221728,2765223775
88190240810,4530,172244528,172246567
